Protein_ID,Gene,Description,UniProt_Accession,Protein,logFC,FC,AveExpr,SE,P.Value,adj.P.Val,n_group1,n_group2,n_total,model_type
sp|O75970|MPDZ_HUMAN,MPDZ,Multiple PDZ domain protein,O75970,1221,-0.58600592573542,0.6661846762489226,11.572319739909567,0.12683964453277594,3.836413674547208e-06,0.012959405392620471,18,18,36,mixed_effects
sp|P22692|IBP4_HUMAN,IGFBP4,Insulin-like growth factor-binding protein 4,P22692,344,-0.3804041537838966,0.7682223521809937,15.067338914447713,0.08618073291728123,1.0146490528144881e-05,0.017137422502036707,18,18,36,mixed_effects
sp|O15540|FABP7_HUMAN,FABP7,"Fatty acid-binding protein, brain",O15540,3305,-0.3567090624938856,0.7809439638503798,14.198949430512185,0.08698316965196902,4.115508457318511e-05,0.046340625229406435,18,18,36,mixed_effects
sp|Q6XQN6|PNCB_HUMAN,NAPRT,Nicotinate phosphoribosyltransferase,Q6XQN6,3056,0.2591681610066779,1.196788453155299,13.860832151585182,0.06544370354904572,7.489657268436119e-05,0.06325015563194303,18,18,36,mixed_effects
sp|O95388|CCN4_HUMAN,CCN4,CCN family member 4,O95388,435,-0.3555354549506265,0.7815795067678146,13.807033777868035,0.09222420185434636,0.00011567241506847343,0.07814828362026065,18,18,36,mixed_effects
sp|Q9UL46|PSME2_HUMAN,PSME2,Proteasome activator complex subunit 2,Q9UL46,1856,0.43292802621212934,1.3499706355297396,12.89587542380412,0.12259854403588473,0.0004135761738518878,0.19094808091125015,18,18,36,mixed_effects
sp|Q6GTS8|P20D1_HUMAN,PM20D1,N-fatty-acyl-amino acid synthase/hydrolase PM20D1,Q6GTS8,1195,0.42786105862509655,1.34523764672012,13.861844194536525,0.122383224350827,0.0004721541262118714,0.19094808091125015,18,18,36,mixed_effects
sp|Q8IZJ1|UNC5B_HUMAN,UNC5B,Netrin receptor UNC5B,Q8IZJ1,349,0.2812812263807881,1.21527366365964,15.383828925182764,0.08135407224641347,0.000545224141497059,0.19094808091125015,18,18,36,mixed_effects
sp|O75146|HIP1R_HUMAN,HIP1R,Huntingtin-interacting protein 1-related protein,O75146,2740,1.2700354245491494,2.4116748719475645,10.952022636602111,0.3706599348425596,0.0006116011175486334,0.19094808091125015,18,18,36,mixed_effects
sp|Q8N428|GLT16_HUMAN,GALNT16,Polypeptide N-acetylgalactosaminyltransferase 16,Q8N428,2241,-0.45238180002367945,0.73083528771646,13.661338114655177,0.1327561057328215,0.0006553310131284962,0.19094808091125015,18,18,36,mixed_effects
sp|P61163|ACTZ_HUMAN / sp|P42025|ACTY_HUMAN,ACTR1A / ACTR1B,Alpha-centractin,P61163,853,0.5289542701892633,1.4428829503697707,13.292336826713314,0.15566450420018277,0.0006787040280072627,0.19094808091125015,18,18,36,mixed_effects
sp|P07585|PGS2_HUMAN,DCN,Decorin,P07585,877,-0.1221188366466321,0.9188371945599405,25.310370759910573,0.036216145530194935,0.0007463945834972957,0.19094808091125015,18,18,36,mixed_effects
sp|Q9HAF1|EAF6_HUMAN,MEAF6,Chromatin modification-related protein MEAF6,Q9HAF1,383,-0.5382286687785436,0.6886158681554466,11.836927858852354,0.1596568198280561,0.0007485239793665929,0.19094808091125015,18,18,36,mixed_effects
sp|Q9UBG0|MRC2_HUMAN,MRC2,C-type mannose receptor 2,Q9UBG0,2919,0.31294812356764007,1.2422436123820062,13.971921116294574,0.09325608398696841,0.0007913774815741569,0.19094808091125015,18,18,36,mixed_effects
sp|Q9H8L6|MMRN2_HUMAN,MMRN2,Multimerin-2,Q9H8L6,3106,-0.1549323535806418,0.898174486332594,19.76619352869129,0.04772249009424859,0.0011682235795741115,0.2186161812460325,18,18,36,mixed_effects
sp|Q2UY09|COSA1_HUMAN,COL28A1,Collagen alpha-1(XXVIII) chain,Q2UY09,1846,-0.29845389233789826,0.8131233377418174,17.937715369580726,0.09194250329948044,0.0011700071882305373,0.2186161812460325,18,18,36,mixed_effects
sp|Q9BZC7|ABCA2_HUMAN,ABCA2,ATP-binding cassette sub-family A member 2,Q9BZC7,962,-0.25460610362386726,0.8382159599920243,17.802653106437532,0.07872019440382982,0.0012193381406262987,0.2186161812460325,18,18,36,mixed_effects
sp|P0DP58|LYNX1_HUMAN,LYNX1,Ly-6/neurotoxin-like protein 1,P0DP58,3212,-0.35551040208877843,0.7815930792643339,16.807316808295273,0.11010496333230954,0.0012429699608380526,0.2186161812460325,18,18,36,mixed_effects
sp|Q9H223|EHD4_HUMAN,EHD4,EH domain-containing protein 4,Q9H223,2242,0.3463347766140917,1.2713266657539015,14.68339484904886,0.10752841375618175,0.0012780320574543827,0.2186161812460325,18,18,36,mixed_effects
sp|Q96SM3|CPXM1_HUMAN,CPXM1,Probable carboxypeptidase X1,Q96SM3,320,0.20272232069044027,1.1508679594254994,17.311838599668988,0.06301146902088421,0.0012943527604856867,0.2186161812460325,18,18,36,mixed_effects
sp|Q14974|IMB1_HUMAN,KPNB1,Importin subunit beta-1,Q14974,936,0.47609305481027897,1.3909716874354356,15.312851289838632,0.15022438126140666,0.0015285235826844527,0.23490836865756792,18,18,36,mixed_effects
sp|Q92542|NICA_HUMAN,NCSTN,Nicastrin,Q92542,960,0.3646256769412629,1.287547517835749,17.683626588902655,0.11523425563958736,0.0015550318983283086,0.23490836865756792,18,18,36,mixed_effects
sp|P07203|GPX1_HUMAN,GPX1,Glutathione peroxidase 1,P07203,1490,0.2944100048084254,1.2263833409238203,15.642587545669398,0.09382347559347019,0.0017015474820452384,0.23490836865756792,18,18,36,mixed_effects
sp|Q9NVA2|SEP11_HUMAN / sp|Q92599|SEPT8_HUMAN / sp|Q14141|SEPT6_HUMAN,SEPTIN11 / SEPTIN8 / SEPTIN6,Septin-11,Q9NVA2,533,0.5977108901849052,1.5133135011338474,11.026259320463002,0.19108313131198448,0.0017599123324410387,0.23490836865756792,18,18,36,mixed_effects
sp|Q9Y5R2|MMP24_HUMAN,MMP24,Matrix metalloproteinase-24,Q9Y5R2,1555,-0.2209515818652953,0.8579993251695248,16.967059592979293,0.07076070296706931,0.0017931102711261848,0.23490836865756792,18,18,36,mixed_effects
sp|Q9BT78|CSN4_HUMAN,COPS4,COP9 signalosome complex subunit 4,Q9BT78,2109,0.3590320603430636,1.2825651042952773,12.850622545837517,0.11507165618895672,0.0018080573076070948,0.23490836865756792,18,18,36,mixed_effects
sp|P28908|TNR8_HUMAN,TNFRSF8,Tumor necrosis factor receptor superfamily member 8,P28908,2807,0.16868565304210356,1.1240339827828596,16.04079281359323,0.05568293580979946,0.0024504340043979846,0.2991376409460925,18,18,36,mixed_effects
sp|O00170|AIP_HUMAN,AIP,AH receptor-interacting protein,O00170,2306,1.0746511479777363,2.10621271588793,11.068368168483476,0.3551593267162764,0.0024795304755744793,0.2991376409460925,18,18,36,mixed_effects
sp|Q76LX8|ATS13_HUMAN,ADAMTS13,A disintegrin and metalloproteinase with thrombospondin motifs 13,Q76LX8,2537,0.3901856888694224,1.3105620750761966,14.407607087626651,0.13020703640871692,0.002729585935388228,0.31794969964625636,18,18,36,mixed_effects
apoE_E4,,Human Apolipoprotein E4 peptide,,3377,1.2159405182611893,2.3229216887460566,16.051213359268665,0.40849473534880576,0.0029142890099434025,0.3281489425196271,18,18,36,mixed_effects
sp|P47972|NPTX2_HUMAN,NPTX2,Neuronal pentraxin-2,P47972,2824,-0.2681583337292933,0.8303788861878585,21.871758368509692,0.09099868097338376,0.0032104177122091564,0.3498319687691139,18,18,36,mixed_effects
sp|Q9UNF0|PACN2_HUMAN,PACSIN2,Protein kinase C and casein kinase substrate in neurons protein 2,Q9UNF0,1199,0.6242637389998082,1.5414239785929875,11.339694563601508,0.213368183356611,0.0034361775970351374,0.3627314975870217,18,18,36,mixed_effects
sp|P62491|RB11A_HUMAN / sp|Q15907|RB11B_HUMAN,RAB11A / RAB11B,Ras-related protein Rab-11A,P62491,674,0.301024099158381,1.2320186532383195,15.743026382914296,0.10520624129045897,0.004219394769360755,0.4208855683065355,18,18,36,mixed_effects
sp|Q155Q3|DIXC1_HUMAN,DIXDC1,Dixin,Q155Q3,28,-0.4175377412202937,0.7487013488900436,14.357035329144384,0.14599166977861308,0.004236266821320962,0.4208855683065355,18,18,36,mixed_effects
sp|Q9NQS3|NECT3_HUMAN,NECTIN3,Nectin-3,Q9NQS3,247,-0.1667880776941151,0.890823747079626,15.579821909867563,0.05902180802319508,0.004715209436262048,0.4550850707340913,18,18,36,mixed_effects
sp|O75688|PPM1B_HUMAN,PPM1B,Protein phosphatase 1B,O75688,473,0.15439591139431655,1.1129555013460046,15.22539276684883,0.055185166060908425,0.005145526963103872,0.4628158228958187,18,18,36,mixed_effects
sp|Q9HAV7|GRPE1_HUMAN,GRPEL1,"GrpE protein homolog 1, mitochondrial",Q9HAV7,2814,4.883656326363386,29.520726605668763,5.775884639380465,1.752703728303299,0.00533043163335157,0.4628158228958187,18,18,36,mixed_effects
sp|Q8TDD1|DDX54_HUMAN,DDX54,ATP-dependent RNA helicase DDX54,Q8TDD1,1282,3.4101846004187153,10.630846698499582,6.343847268019979,1.2241147342642098,0.005338964639013999,0.4628158228958187,18,18,36,mixed_effects
sp|Q9Y5E5|PCDB4_HUMAN,PCDHB4,Protocadherin beta-4,Q9Y5E5,1858,0.13618763256225794,1.0989971405334003,17.02471721033797,0.04898649095541878,0.005434117393588594,0.4628158228958187,18,18,36,mixed_effects
sp|Q9NR99|MXRA5_HUMAN,MXRA5,Matrix-remodeling-associated protein 5,Q9NR99,397,-0.13729870825093418,0.909219979421363,18.930570764572572,0.04968233103514085,0.005717949731875359,0.4628158228958187,18,18,36,mixed_effects
sp|P28289|TMOD1_HUMAN,TMOD1,Tropomodulin-1,P28289,2761,-0.34941268683696886,0.7849035627605867,13.007648170383245,0.12672804960522702,0.005830134285523872,0.4628158228958187,18,18,36,mixed_effects
sp|Q9NQ30|ESM1_HUMAN,ESM1,Endothelial cell-specific molecule 1,Q9NQ30,1726,-0.12485321938472378,0.9170973444645698,19.17365118717616,0.045316214664181266,0.0058664241817729815,0.4628158228958187,18,18,36,mixed_effects
sp|O15143|ARC1B_HUMAN,ARPC1B,Actin-related protein 2/3 complex subunit 1B,O15143,3290,-0.22841895202782914,0.8535698056376602,13.439040884004822,0.08294783084534813,0.005891379628336354,0.4628158228958187,18,18,36,mixed_effects
sp|Q00973|B4GN1_HUMAN,B4GALNT1,"Beta-1,4 N-acetylgalactosaminyltransferase 1",Q00973,2368,-0.13710029206388502,0.9093450345179604,19.765735836023477,0.05020285316507932,0.006315659332328935,0.48487039146834415,18,18,36,mixed_effects
sp|Q9BVG4|PBDC1_HUMAN,PBDC1,Protein PBDC1,Q9BVG4,2717,0.42059819608559806,1.3384824253253613,13.633314267794479,0.15463622469238922,0.006529766614092341,0.49016781383119845,18,18,36,mixed_effects
sp|Q5EBM0|CMPK2_HUMAN,CMPK2,"UMP-CMP kinase 2, mitochondrial",Q5EBM0,191,0.5885725679108584,1.503758161919389,10.944309190151559,0.21733150951970354,0.006765358101998393,0.4915813163680505,18,18,36,mixed_effects
sp|Q96DZ1|ERLEC_HUMAN,ERLEC1,Endoplasmic reticulum lectin 1,Q96DZ1,498,0.4695103918819937,1.3846394825908899,13.228749301420024,0.17399076040737918,0.006965715817429653,0.4915813163680505,18,18,36,mixed_effects
sp|Q6NUJ2|CK087_HUMAN,C11orf87,Uncharacterized protein C11orf87,Q6NUJ2,1533,-0.6603695274231245,0.6327162142640345,13.05227113750059,0.24576313184710186,0.007209344664609773,0.4915813163680505,18,18,36,mixed_effects
sp|P14618|KPYM_HUMAN,PKM,Pyruvate kinase PKM,P14618,58,-0.10478400414350206,0.9299441605657703,20.308479947700672,0.03906607198091702,0.0073134201423321055,0.4915813163680505,18,18,36,mixed_effects
sp|P05120|PAI2_HUMAN,SERPINB2,Plasminogen activator inhibitor 2,P05120,2142,-0.5374934089450899,0.6889669060499775,13.421480513956215,0.20070279875527525,0.007405075443459433,0.4915813163680505,18,18,36,mixed_effects
sp|P60953|CDC42_HUMAN,CDC42,Cell division control protein 42 homolog,P60953,2968,0.15586546302413723,1.1140897527321534,16.612009011097385,0.05821733606749798,0.007421742787084244,0.4915813163680505,18,18,36,mixed_effects
sp|A8K2U0|A2ML1_HUMAN,A2ML1,Alpha-2-macroglobulin-like protein 1,A8K2U0,2141,-0.1788360011268723,0.883415468342218,15.412541632662993,0.06743747093584487,0.008004526338310183,0.5199863455925346,18,18,36,mixed_effects
sp|Q13308|PTK7_HUMAN,PTK7,Inactive tyrosine-protein kinase 7,Q13308,494,0.1785222609587158,1.131724077016267,15.453937700203827,0.06776973042870688,0.008432393037654834,0.5284715146255523,18,18,36,mixed_effects
sp|Q7L5L3|GDPD3_HUMAN,GDPD3,Lysophospholipase D GDPD3,Q7L5L3,2222,-0.5590699389322875,0.6787395852226532,14.254097176809772,0.21228205125444227,0.008448034869680232,0.5284715146255523,18,18,36,mixed_effects
sp|Q9P244|LRFN1_HUMAN,LRFN1,Leucine-rich repeat and fibronectin type III domain-containing protein 1,Q9P244,305,-0.14528459133974125,0.9042009939475383,15.152906122016969,0.055616685852354276,0.008994890723882902,0.5337706533333374,18,18,36,mixed_effects
sp|P55287|CAD11_HUMAN,CDH11,Cadherin-11,P55287,2351,-0.18351213406240197,0.880556734839477,17.99249371194838,0.07069799615982296,0.009439321867139567,0.5337706533333374,18,18,36,mixed_effects
sp|Q9H5Y7|SLIK6_HUMAN,SLITRK6,SLIT and NTRK-like protein 6,Q9H5Y7,2736,0.16565407220850675,1.1216744944366395,16.312185488698724,0.06396947886430213,0.009609313958127991,0.5337706533333374,18,18,36,mixed_effects
sp|Q9GZZ8|LACRT_HUMAN,LACRT,Extracellular glycoprotein lacritin,Q9GZZ8,2752,0.5077431654962334,1.4218242690521545,13.244205091463794,0.1962520998888558,0.009675979432181217,0.5337706533333374,18,18,36,mixed_effects
sp|O75078|ADA11_HUMAN,ADAM11,Disintegrin and metalloproteinase domain-containing protein 11,O75078,39,0.1582925913460657,1.1159656270998572,16.95469430299964,0.06118583383405316,0.009679337202144995,0.5337706533333374,18,18,36,mixed_effects
sp|Q9NWV4|CZIB_HUMAN,CZIB,CXXC motif containing zinc binding protein,Q9NWV4,2720,0.5600889990392508,1.4743601669286828,13.745431467827483,0.2169076610638969,0.009818574187673328,0.5337706533333374,18,18,36,mixed_effects
sp|Q9Y320|TMX2_HUMAN,TMX2,Thioredoxin-related transmembrane protein 2,Q9Y320,695,0.5733384622875952,1.4879628037836308,10.95734602220196,0.2221419550075967,0.009852733041015424,0.5337706533333374,18,18,36,mixed_effects
sp|P19021|AMD_HUMAN,PAM,Peptidyl-glycine alpha-amidating monooxygenase,P19021,2064,-0.11835097897355146,0.9212400395785929,21.500443753341926,0.04593643570669543,0.00998329036211215,0.5337706533333374,18,18,36,mixed_effects
sp|P42704|LPPRC_HUMAN,LRPPRC,"Leucine-rich PPR motif-containing protein, mitochondrial",P42704,3098,3.452282207437596,10.945623309315273,5.384850782176496,1.344523002765571,0.010238658727357531,0.5337706533333374,18,18,36,mixed_effects
sp|P30566|PUR8_HUMAN,ADSL,Adenylosuccinate lyase,P30566,6,-0.32187930011204774,0.8000270580263235,12.365041255226377,0.12557093714562714,0.010367452828283856,0.5337706533333374,18,18,36,mixed_effects
sp|Q9NY61|AATF_HUMAN,AATF,Protein AATF,Q9NY61,773,-3.54018392050428,0.08596040436079955,7.001367802695745,1.3817209543769513,0.010402473646231359,0.5337706533333374,18,18,36,mixed_effects
sp|Q6X4U4|SOSD1_HUMAN,SOSTDC1,Sclerostin domain-containing protein 1,Q6X4U4,316,0.6449696610874225,1.5637064022107876,11.387257078837512,0.2518159710792498,0.0104289115216105,0.5337706533333374,18,18,36,mixed_effects
sp|Q9BYC5|FUT8_HUMAN,FUT8,"Alpha-(1,6)-fucosyltransferase",Q9BYC5,484,-0.40152297926883695,0.7570586732062801,14.982797722667346,0.15768657927518234,0.010886041780358863,0.54885147961272,18,18,36,mixed_effects
sp|O95841|ANGL1_HUMAN,ANGPTL1,Angiopoietin-related protein 1,O95841,817,0.1517215748546851,1.1108943169113092,18.627155470422846,0.059772353020204644,0.011138493612088714,0.5533210503181717,18,18,36,mixed_effects
sp|Q9Y5E2|PCDB7_HUMAN,PCDHB7,Protocadherin beta-7,Q9Y5E2,1894,0.150825003401506,1.1102041594739795,16.803129635098127,0.05956525460673765,0.01133826157635115,0.5550818493465823,18,18,36,mixed_effects
sp|Q15424|SAFB1_HUMAN,SAFB,Scaffold attachment factor B1,Q15424,1596,0.4884389110122313,1.4029259978034916,11.653968052084556,0.19375210520274386,0.011703926851996675,0.5613922198038281,18,18,36,mixed_effects
sp|Q9Y5E8|PCDBF_HUMAN,PCDHB15,Protocadherin beta-15,Q9Y5E8,3060,0.14989412276422953,1.109488045408294,16.885232162757767,0.05962087615813575,0.011932933718643398,0.5613922198038281,18,18,36,mixed_effects
sp|P55056|APOC4_HUMAN,APOC4,Apolipoprotein C-IV,P55056,744,0.4939107948153249,1.4082571484101658,16.469663211750348,0.19665701917610054,0.012020769737201094,0.5613922198038281,18,18,36,mixed_effects
sp|Q9Y5E6|PCDB3_HUMAN,PCDHB3,Protocadherin beta-3,Q9Y5E6,645,0.14391880683269956,1.1049023004579426,16.785193098082146,0.05737740384561388,0.012131921860769525,0.5613922198038281,18,18,36,mixed_effects
sp|Q9NRN5|OLFL3_HUMAN,OLFML3,Olfactomedin-like protein 3,Q9NRN5,1220,-0.11310362494796991,0.9245968643947441,21.859223644403926,0.04523523622713837,0.012407296916435927,0.5663763376178454,18,18,36,mixed_effects
sp|Q8N6Y2|LRC17_HUMAN,LRRC17,Leucine-rich repeat-containing protein 17,Q8N6Y2,1597,0.25529781843830923,1.1935821111570135,14.668127430441302,0.1026021325458569,0.01283802753236163,0.5782247600575678,18,18,36,mixed_effects
sp|Q5SNT2|TM201_HUMAN,TMEM201,Transmembrane protein 201,Q5SNT2,2442,-0.7813393997998945,0.5818263741091938,13.990573204381493,0.31556476051024135,0.013286233670120624,0.5871051910139403,18,18,36,mixed_effects
sp|P09543|CN37_HUMAN,CNP,"2',3'-cyclic-nucleotide 3'-phosphodiesterase",P09543,254,0.2313010580319608,1.1738931178354373,13.744586414600679,0.09354952053609046,0.013417224126841059,0.5871051910139403,18,18,36,mixed_effects
sp|O43920|NDUS5_HUMAN,NDUFS5,NADH dehydrogenase [ubiquinone] iron-sulfur protein 5,O43920,816,4.714309461059998,26.25116348309235,7.844930415700892,1.9133190914014184,0.013741790697234234,0.5871051910139403,18,18,36,mixed_effects
sp|P11171|EPB41_HUMAN,EPB41,Protein 4.1,P11171,2416,0.31516418733123175,1.2441532373273305,14.69730179008084,0.12793440504734557,0.013759455412954346,0.5871051910139403,18,18,36,mixed_effects
sp|P98172|EFNB1_HUMAN,EFNB1,Ephrin-B1,P98172,2929,-0.30349462879803835,0.810287264816751,13.148324168236154,0.12367508874009947,0.014128981244292281,0.5871051910139403,18,18,36,mixed_effects
sp|Q8WZ42|TITIN_HUMAN,TTN,Titin,Q8WZ42,2288,2.677312702121886,6.396632953773839,9.5161336350513,1.0952142262188242,0.014503049215835211,0.5871051910139403,18,18,36,mixed_effects
sp|Q15661|TRYB1_HUMAN / sp|P20231|TRYB2_HUMAN,TPSAB1 / TPSB2,Tryptase alpha/beta-1,Q15661,127,0.46712350695486793,1.3823505424162503,11.417344783410876,0.19109542835340826,0.014507258393687324,0.5871051910139403,18,18,36,mixed_effects
sp|Q8TE99|PXYP1_HUMAN,PXYLP1,2-phosphoxylose phosphatase 1,Q8TE99,2069,-0.30538641069824857,0.809225444991445,12.954658596865892,0.1252574771038467,0.014765942575314177,0.5871051910139403,18,18,36,mixed_effects
sp|Q13822|ENPP2_HUMAN,ENPP2,Autotaxin,Q13822,334,-0.15716566776946583,0.8967851739818861,19.67056065909652,0.06448998458260952,0.014807408947999798,0.5871051910139403,18,18,36,mixed_effects
sp|O60266|ADCY3_HUMAN,ADCY3,Adenylate cyclase type 3,O60266,1117,0.6026650663900045,1.5185191120926802,11.431779163175994,0.24762500581808397,0.014942027113069837,0.5871051910139403,18,18,36,mixed_effects
sp|P14317|HCLS1_HUMAN,HCLS1,Hematopoietic lineage cell-specific protein,P14317,919,0.2753477262123043,1.2102857637305566,17.110684478190286,0.11314140648999438,0.014947023809117485,0.5871051910139403,18,18,36,mixed_effects
sp|Q68D91|MBLC2_HUMAN,MBLAC2,Acyl-coenzyme A thioesterase MBLAC2,Q68D91,240,2.579929036234157,5.9791028851954096,8.289397002173168,1.065338081260899,0.015448105540060505,0.5998126495899355,18,18,36,mixed_effects
sp|Q9Y5I4|PCDC2_HUMAN,PCDHAC2,Protocadherin alpha-C2,Q9Y5I4,1907,-0.13855717452528704,0.9084272105140994,18.455906573846583,0.05738373136857757,0.01575369133456389,0.6047269241836003,18,18,36,mixed_effects
sp|Q9H446|RWDD1_HUMAN,RWDD1,RWD domain-containing protein 1,Q9H446,2421,0.8629386918706751,1.8187392136233405,9.18734068086609,0.3588299236158982,0.016178297030729753,0.6108452079174681,18,18,36,mixed_effects
sp|Q8N608|DPP10_HUMAN,DPP10,Inactive dipeptidyl peptidase 10,Q8N608,318,0.15328484269918824,1.1120987062913281,15.287561079377127,0.063797036210146,0.016274739109701637,0.6108452079174681,18,18,36,mixed_effects
sp|Q99435|NELL2_HUMAN,NELL2,Protein kinase C-binding protein NELL2,Q99435,1825,-0.09741539533962955,0.9347060289940933,26.08241130497118,0.04062090676590358,0.016477708468534753,0.6116670242495648,18,18,36,mixed_effects
sp|P43234|CATO_HUMAN,CTSO,Cathepsin O,P43234,640,-0.3667928300844963,0.7755045602193049,15.791768311073465,0.15326635522549442,0.016703384828795305,0.6122142032137194,18,18,36,mixed_effects
sp|Q7L576|CYFP1_HUMAN,CYFIP1,Cytoplasmic FMR1-interacting protein 1,Q7L576,2750,0.2926890369459477,1.2249212800398463,15.239138628264445,0.1224713447184811,0.01685492033714503,0.6122142032137194,18,18,36,mixed_effects
sp|Q53RT3|APRV1_HUMAN,ASPRV1,Retroviral-like aspartic protease 1,Q53RT3,1740,-0.17788645406153125,0.883997102475461,15.486189432494065,0.07458752969621435,0.01708211190765038,0.6126453318552222,18,18,36,mixed_effects
sp|P06576|ATPB_HUMAN,ATP5F1B,"ATP synthase subunit beta, mitochondrial",P06576,3184,-0.1937327391605405,0.8743405779600238,18.80178786602272,0.08140670529970119,0.017321423555621728,0.6126453318552222,18,18,36,mixed_effects
sp|Q9Y5W9|SNX11_HUMAN,SNX11,Sorting nexin-11,Q9Y5W9,2185,2.737810765138165,6.670573330046456,8.655927981692814,1.1513497173865037,0.01741087976853207,0.6126453318552222,18,18,36,mixed_effects
sp|P08246|ELNE_HUMAN,ELANE,Neutrophil elastase,P08246,2891,-0.4978862879800732,0.7081435321902939,16.31471649754871,0.2107398396508432,0.018149023822142958,0.6291031158048893,18,18,36,mixed_effects
sp|P01210|PENK_HUMAN,PENK,Proenkephalin-A,P01210,1368,-0.17517401082454362,0.885660688596283,17.998224443174696,0.07421103174514791,0.018251067302806144,0.6291031158048893,18,18,36,mixed_effects
sp|P13385|TDGF1_HUMAN / sp|P51864|TDGF3_HUMAN,CRIPTO / CRIPTO3,Protein Cripto,P13385,864,-0.7846486652814477,0.580493305581542,10.67151371864378,0.33400736374534046,0.018814015061304656,0.6419569987584558,18,18,36,mixed_effects
sp|Q16787|LAMA3_HUMAN,LAMA3,Laminin subunit alpha-3,Q16787,1670,0.11475380191705233,1.082790249970572,16.435552775270025,0.04894107010809503,0.019040647017371924,0.6431930562468235,18,18,36,mixed_effects
sp|P50552|VASP_HUMAN,VASP,Vasodilator-stimulated phosphoprotein,P50552,2247,0.37808859354019453,1.2996188674717248,12.247472825982381,0.1615901206213595,0.019294059567683677,0.6437939710602267,18,18,36,mixed_effects
sp|Q8IUC1|KR111_HUMAN,KRTAP11-1,Keratin-associated protein 11-1,Q8IUC1,2433,3.021044776830872,8.117552312673265,5.537653653245784,1.2930056382560924,0.019467730030091685,0.6437939710602267,18,18,36,mixed_effects
sp|Q86TX2|ACOT1_HUMAN / sp|Q3I5F7|ACOT6_HUMAN / sp|P49753|ACOT2_HUMAN,ACOT1 / ACOT6 / ACOT2,Acyl-coenzyme A thioesterase 1,Q86TX2,243,2.4708682885251267,5.543773398280124,9.505545728157822,1.0589395015168896,0.01963018917087133,0.6437939710602267,18,18,36,mixed_effects
sp|P16070|CD44_HUMAN,CD44,CD44 antigen,P16070,1210,-0.12403370372029776,0.9176184449903854,24.2743834774112,0.05327962521224657,0.019913363209110205,0.6468013550035988,18,18,36,mixed_effects
sp|Q7KYR7|BT2A1_HUMAN,BTN2A1,Butyrophilin subfamily 2 member A1,Q7KYR7,3313,-0.14223089584132087,0.9061169073614257,18.119642342420065,0.06142948879882091,0.020593670700718734,0.6524010826536536,18,18,36,mixed_effects
sp|Q9Y5X9|LIPG_HUMAN,LIPG,Endothelial lipase,Q9Y5X9,1556,-0.1692363177029009,0.8893133094633789,14.909695691475862,0.07309821557473482,0.020602491395447568,0.6524010826536536,18,18,36,mixed_effects
sp|P11215|ITAM_HUMAN,ITGAM,Integrin alpha-M,P11215,1140,0.22131584218491293,1.1657963923143853,16.65331277353343,0.09571448648972762,0.020763898366769073,0.6524010826536536,18,18,36,mixed_effects
sp|P17655|CAN2_HUMAN,CAPN2,Calpain-2 catalytic subunit,P17655,3345,0.20326434682219646,1.151300426223638,16.33500465478924,0.08797267058582096,0.02085829393919319,0.6524010826536536,18,18,36,mixed_effects
sp|P02679|FIBG_HUMAN,FGG,Fibrinogen gamma chain,P02679,19,0.8833473951154841,1.8446503666786025,24.62111925642366,0.3841116680899687,0.02146436727078518,0.6651984645936911,18,18,36,mixed_effects
sp|Q13151|ROA0_HUMAN,HNRNPA0,Heterogeneous nuclear ribonucleoprotein A0,Q13151,333,3.1376818201436536,8.801087620860747,8.597113288906442,1.3681784786610807,0.02182913653424758,0.6703529382971666,18,18,36,mixed_effects
sp|Q9H3K6|BOLA2_HUMAN,BOLA2,BolA-like protein 2,Q9H3K6,3270,-0.2916192500681395,0.8169845777512671,12.24965426337034,0.1280806699387203,0.022795755085034317,0.6937302763715848,18,18,36,mixed_effects
sp|Q16773|KAT1_HUMAN,KYAT1,Kynurenine--oxoglutarate transaminase 1,Q16773,1021,0.421337656556638,1.339168646953537,13.37457109926606,0.1857216169613177,0.02328951678027297,0.7024284614621616,18,18,36,mixed_effects
sp|Q13873|BMPR2_HUMAN,BMPR2,Bone morphogenetic protein receptor type-2,Q13873,574,0.1316986227913849,1.0955828766340483,17.12352379525405,0.058251044710179944,0.023766688038382465,0.7104767450766014,18,18,36,mixed_effects
sp|Q8TEP8|CE192_HUMAN,CEP192,Centrosomal protein of 192 kDa,Q8TEP8,809,0.17312901027870117,1.1275012323053153,18.89980224612064,0.07679877418704942,0.02417604593888521,0.7163744138732828,18,18,36,mixed_effects
sp|P55268|LAMB2_HUMAN,LAMB2,Laminin subunit beta-2,P55268,2532,-0.20760041600833215,0.8659763822335345,23.105756787186728,0.09236552550710865,0.024601941906848515,0.7167964416058407,18,18,36,mixed_effects
sp|P62081|RS7_HUMAN,RPS7,Small ribosomal subunit protein eS7,P62081,2660,4.035974661694486,16.403987697580384,8.02031723001541,1.8009689636122623,0.025025959402201335,0.7167964416058407,18,18,36,mixed_effects
sp|Q9H3H3|CK068_HUMAN,C11orf68,UPF0696 protein C11orf68,Q9H3H3,485,3.4672277697095746,11.059603581745485,8.845784318847404,1.5481970228785311,0.025121699629427476,0.7167964416058407,18,18,36,mixed_effects
sp|P55083|MFAP4_HUMAN,MFAP4,Microfibril-associated glycoprotein 4,P55083,3312,-0.17737359335406908,0.8843114086589502,18.134219761543164,0.07930682311067869,0.02531583347600101,0.7167964416058407,18,18,36,mixed_effects
sp|Q8IV04|TB10C_HUMAN,TBC1D10C,Carabin,Q8IV04,1266,-2.792282675986094,0.14435743547047006,6.5657254519480555,1.2498202724741314,0.025473377973251873,0.7167964416058407,18,18,36,mixed_effects
sp|P08637|FCG3A_HUMAN,FCGR3A,Low affinity immunoglobulin gamma Fc region receptor III-A,P08637,1381,0.7775142463107105,1.714174815489126,10.056490575819486,0.34812039656975813,0.02551838583740001,0.7167964416058407,18,18,36,mixed_effects
sp|A0A075B6I7|LV548_HUMAN,IGLV5-48,Probable non-functional immunoglobulin lambda variable 5-48,A0A075B6I7,2992,0.41366821364007506,1.332068445051585,12.501989303916604,0.18543347500757734,0.025693230087445302,0.7167964416058407,18,18,36,mixed_effects
sp|Q9UF33|EPHA6_HUMAN,EPHA6,Ephrin type-A receptor 6,Q9UF33,2379,0.5316978256114478,1.4456294738243338,15.7784833182677,0.23865533326800423,0.025887852538754457,0.7167964416058407,18,18,36,mixed_effects
sp|P13762|DRB4_HUMAN,HLA-DRB4,"HLA class II histocompatibility antigen, DR beta 4 chain",P13762,2964,3.8765898016854208,14.68824172750994,7.404452003977279,1.7452250281398223,0.02633369559261277,0.7184397136338332,18,18,36,mixed_effects
sp|Q16143|SYUB_HUMAN,SNCB,Beta-synuclein,Q16143,227,-0.08726665561500874,0.9413044656625372,18.683185049582324,0.03932344221816284,0.026472995457331113,0.7184397136338332,18,18,36,mixed_effects
sp|Q9HD89|RETN_HUMAN,RETN,Resistin,Q9HD89,2959,-0.4375443217309973,0.7383903881736283,16.637822009166868,0.19730941923682097,0.026585246952110463,0.7184397136338332,18,18,36,mixed_effects
sp|Q96L15|NAR5_HUMAN,ART5,Ecto-ADP-ribosyltransferase 5,Q96L15,549,0.6152346089973967,1.5318070771101748,11.802626114189088,0.27957406487576886,0.027763359663307636,0.7348438325886263,18,18,36,mixed_effects
sp|Q7Z6K5|ARPIN_HUMAN,ARPIN,Arpin,Q7Z6K5,2811,-0.2530355672556368,0.8391289495177492,12.661997999434005,0.1151956813140653,0.028051053120526408,0.7348438325886263,18,18,36,mixed_effects
sp|P31153|METK2_HUMAN,MAT2A,S-adenosylmethionine synthase isoform type-2,P31153,2388,-0.21879489485301173,0.8592829088430773,14.955331879260703,0.0997383591119244,0.028257808641301604,0.7348438325886263,18,18,36,mixed_effects
sp|Q969V3|NCLN_HUMAN,NCLN,BOS complex subunit NCLN,Q969V3,2116,-0.22739536120505205,0.8541756275300764,14.402872110546557,0.10409034918179798,0.028918480956750377,0.7348438325886263,18,18,36,mixed_effects
sp|Q562R1|ACTBL_HUMAN,ACTBL2,Beta-actin-like protein 2,Q562R1,2420,0.16562954416047382,1.1216554243967343,19.497197526445596,0.07588317220205468,0.029058546797461064,0.7348438325886263,18,18,36,mixed_effects
sp|P35916|VGFR3_HUMAN,FLT4,Vascular endothelial growth factor receptor 3,P35916,2264,0.172508562756703,1.127016441742182,17.829765902259837,0.07915893467156085,0.02931173728331845,0.7348438325886263,18,18,36,mixed_effects
sp|O43491|E41L2_HUMAN,EPB41L2,Band 4.1-like protein 2,O43491,2786,0.11889301653389053,1.085901328010921,18.020366485130204,0.0545598689074482,0.029322053852052065,0.7348438325886263,18,18,36,mixed_effects
sp|Q13255|GRM1_HUMAN,GRM1,Metabotropic glutamate receptor 1,Q13255,573,0.3115626709528169,1.2410512304262122,13.601795087728057,0.14334610305826503,0.02974274989627446,0.7348438325886263,18,18,36,mixed_effects
sp|Q8NBK3|SUMF1_HUMAN,SUMF1,Formylglycine-generating enzyme,Q8NBK3,2340,-0.2358336337704942,0.8491941667156154,13.15086099786591,0.10853537265695501,0.029789840359218195,0.7348438325886263,18,18,36,mixed_effects
sp|Q9NQR4|NIT2_HUMAN,NIT2,Omega-amidase NIT2,Q9NQR4,1834,0.3017884250276278,1.2326715377271338,13.602071858996984,0.13892258669630628,0.02982930380517349,0.7348438325886263,18,18,36,mixed_effects
sp|P14138|EDN3_HUMAN,EDN3,Endothelin-3,P14138,1342,0.4313743633097112,1.3485176116548925,14.08242745539808,0.1995627723336521,0.030649224563642965,0.7348438325886263,18,18,36,mixed_effects
sp|Q68BL7|OLM2A_HUMAN,OLFML2A,Olfactomedin-like protein 2A,Q68BL7,1335,-0.07710846492115757,0.947955693098308,16.981680318611836,0.03580785380401351,0.0312876228286012,0.7348438325886263,18,18,36,mixed_effects
sp|P50452|SPB8_HUMAN,SERPINB8,Serpin B8,P50452,2642,-0.3395242521409485,0.790301881444148,14.04935606797655,0.15774852984233323,0.031372690348629176,0.7348438325886263,18,18,36,mixed_effects
sp|P61960|UFM1_HUMAN,UFM1,Ubiquitin-fold modifier 1,P61960,673,0.3804903423754899,1.3017842299493474,11.992792312757576,0.1767997608395755,0.03138966752424337,0.7348438325886263,18,18,36,mixed_effects
sp|O00602|FCN1_HUMAN,FCN1,Ficolin-1,O00602,1774,0.9621617609509482,1.9482269681276647,10.37828702029412,0.4472523458333151,0.031454681855596016,0.7348438325886263,18,18,36,mixed_effects
sp|Q9P0P0|RN181_HUMAN,RNF181,E3 ubiquitin-protein ligase RNF181,Q9P0P0,1981,0.40992190479512186,1.3286138923254291,11.394332362668885,0.19070800481205535,0.031596842110925415,0.7348438325886263,18,18,36,mixed_effects
sp|P63208|SKP1_HUMAN,SKP1,S-phase kinase-associated protein 1,P63208,1883,-0.1804604977769787,0.8824212888682724,15.537895712200022,0.08397774995210808,0.031641656634178984,0.7348438325886263,18,18,36,mixed_effects
sp|P16112|PGCA_HUMAN,ACAN,Aggrecan core protein,P16112,1644,-0.08853161080178693,0.9404794915144795,20.979940122914975,0.04119927895432525,0.031645252663095536,0.7348438325886263,18,18,36,mixed_effects
sp|O43827|ANGL7_HUMAN,ANGPTL7,Angiopoietin-related protein 7,O43827,165,-0.30559195544683276,0.809110160619076,13.30527522203409,0.14223338975520491,0.0316720939117255,0.7348438325886263,18,18,36,mixed_effects
sp|Q14766|LTBP1_HUMAN,LTBP1,Latent-transforming growth factor beta-binding protein 1,Q14766,159,-0.08251684041295185,0.9444086493173995,23.47470793151077,0.03848859901966108,0.032038541147707204,0.7348438325886263,18,18,36,mixed_effects
sp|Q8WVN6|SCTM1_HUMAN,SECTM1,Secreted and transmembrane protein 1,Q8WVN6,1943,0.6572201499621853,1.5770409804112013,10.810023541666702,0.30665327982579405,0.032096822267883386,0.7348438325886263,18,18,36,mixed_effects
sp|O95544|NADK_HUMAN,NADK,NAD kinase,O95544,718,2.39325161103658,5.253400633161454,10.221925765980135,1.117895653345375,0.032285797081667386,0.7348438325886263,18,18,36,mixed_effects
sp|P09668|CATH_HUMAN,CTSH,Pro-cathepsin H,P09668,1272,0.3745748501328906,1.2964574434511749,21.30599838147513,0.17505159331355946,0.03237118689893627,0.7348438325886263,18,18,36,mixed_effects
sp|P05109|S10A8_HUMAN,S100A8,Protein S100-A8,P05109,1649,-0.34215952688793544,0.7888596073952677,16.2486019502812,0.15994161160793857,0.032413182668947695,0.7348438325886263,18,18,36,mixed_effects
sp|P02675|FIBB_HUMAN,FGB,Fibrinogen beta chain,P02675,2874,0.8543694579790271,1.8079683946005976,24.705406954640942,0.40014927235151615,0.032750649453619524,0.7375446256955117,18,18,36,mixed_effects
sp|P78380|OLR1_HUMAN,OLR1,Oxidized low-density lipoprotein receptor 1,P78380,2536,0.3545837216123833,1.2786165932127997,11.898916513369489,0.16671171417789407,0.03342611144294409,0.7376463598016215,18,18,36,mixed_effects
sp|O60603|TLR2_HUMAN,TLR2,Toll-like receptor 2,O60603,2005,0.4378126994956359,1.3545491092707365,13.362065894184106,0.2059046862043611,0.03347927203211399,0.7376463598016215,18,18,36,mixed_effects
sp|P02671|FIBA_HUMAN,FGA,Fibrinogen alpha chain,P02671,3246,0.8488835250625225,1.8011065427958106,25.711991788823482,0.39990699733935936,0.03377880154654347,0.7376463598016215,18,18,36,mixed_effects
sp|Q92686|NEUG_HUMAN,NRGN,Neurogranin,Q92686,3370,-0.55873276948482,0.6788982306664882,12.348576307370145,0.2637218701834176,0.03412056056372384,0.7376463598016215,18,18,36,mixed_effects
sp|P15509|CSF2R_HUMAN,CSF2RA,Granulocyte-macrophage colony-stimulating factor receptor subunit alpha,P15509,2232,0.23395702066125168,1.176056213869623,15.284409443494322,0.11043918759255164,0.03413917882208452,0.7376463598016215,18,18,36,mixed_effects
sp|B0I1T2|MYO1G_HUMAN,MYO1G,Unconventional myosin-Ig,B0I1T2,307,2.314074288940288,4.972854737074905,9.560168265638154,1.0970500842096254,0.03491346253699127,0.7376463598016215,18,18,36,mixed_effects
sp|Q13421|MSLN_HUMAN,MSLN,Mesothelin,Q13421,2859,-0.1098775540577092,0.9266667075916405,18.08803990226076,0.052117513569322316,0.035008033291611514,0.7376463598016215,18,18,36,mixed_effects
sp|P05387|RLA2_HUMAN,RPLP2,Large ribosomal subunit protein P2,P05387,1860,0.40379541045168854,1.322983813385611,14.914731427192121,0.19174928779642023,0.03521730575646562,0.7376463598016215,18,18,36,mixed_effects
sp|A6NIV6|LRIQ4_HUMAN,LRRIQ4,Leucine-rich repeat and IQ domain-containing protein 4,A6NIV6,3321,3.0147078768849043,8.081974933055964,8.801089286648523,1.4325197376541003,0.035336674113619605,0.7376463598016215,18,18,36,mixed_effects
sp|P61353|RL27_HUMAN,RPL27,Large ribosomal subunit protein eL27,P61353,1459,0.5330109765705674,1.4469458947413203,11.071764580102776,0.25334048723939756,0.0353844415978743,0.7376463598016215,18,18,36,mixed_effects
sp|Q9BUD6|SPON2_HUMAN,SPON2,Spondin-2,Q9BUD6,1438,-0.16251919225735725,0.8934635678179674,16.520940284843846,0.07730144366425927,0.03551752985104638,0.7376463598016215,18,18,36,mixed_effects
sp|Q15287|RNPS1_HUMAN,RNPS1,RNA-binding protein with serine-rich domain 1,Q15287,2791,4.001475533685523,16.016372563413825,8.662041967836476,1.9037145837615708,0.03555937414526642,0.7376463598016215,18,18,36,mixed_effects
sp|A0A075B6R9|KVD24_HUMAN / sp|A0A0C4DH68|KV224_HUMAN,IGKV2D-24 / IGKV2-24,Probable non-functional immunoglobulin kappa variable 2D-24,A0A075B6R9,417,0.5342722306850213,1.448211418201539,12.863311244673536,0.25422940672966826,0.0355939480898947,0.7376463598016215,18,18,36,mixed_effects
sp|Q14019|COTL1_HUMAN,COTL1,Coactosin-like protein,Q14019,2126,-0.2690569616835336,0.8298618196497088,14.170458837805317,0.12823739481057475,0.035894877574055455,0.7393469295436544,18,18,36,mixed_effects
sp|Q9GZQ8|MLP3B_HUMAN / sp|A6NCE7|MP3B2_HUMAN / sp|Q9H492|MLP3A_HUMAN,MAP1LC3B / MAP1LC3B2 / MAP1LC3A,Microtubule-associated proteins 1A/1B light chain 3B,Q9GZQ8,1512,-0.703081900644418,0.6142586182621863,10.133149094845379,0.33557653920579783,0.03615800080243608,0.7395826081120587,18,18,36,mixed_effects
sp|P15924|DESP_HUMAN,DSP,Desmoplakin,P15924,2384,-0.33116500837491397,0.7948943296391406,21.493613107154843,0.1583819304066694,0.03653463450850674,0.7395826081120587,18,18,36,mixed_effects
sp|P10145|IL8_HUMAN,CXCL8,Interleukin-8,P10145,2063,0.94764918894944,1.9287273156899465,10.936939869499799,0.45330837288874426,0.036571317750824756,0.7395826081120587,18,18,36,mixed_effects
sp|P41440|S19A1_HUMAN,SLC19A1,Reduced folate transporter,P41440,2481,-0.33670700766990835,0.7918466631536878,12.144094591896025,0.16124465851741343,0.036782083529551764,0.7395826081120587,18,18,36,mixed_effects
sp|Q9NNX1|TUFT1_HUMAN,TUFT1,Tuftelin,Q9NNX1,1364,0.6534654181488165,1.5729419386641101,15.830260031913408,0.31436404167563514,0.0376458444079931,0.74496382353791,18,18,36,mixed_effects
sp|Q9Y4G6|TLN2_HUMAN,TLN2,Talin-2,Q9Y4G6,2075,0.1883790277420045,1.1394827050878502,15.698120937123214,0.09065153072123139,0.037704130066152475,0.74496382353791,18,18,36,mixed_effects
sp|Q96NZ9|PRAP1_HUMAN,PRAP1,Proline-rich acidic protein 1,Q96NZ9,2813,-0.3363978996060924,0.7920163403240551,14.0424195837153,0.1618870707145677,0.03771131255920149,0.74496382353791,18,18,36,mixed_effects
sp|Q8NDH3|PEPL1_HUMAN,NPEPL1,Probable aminopeptidase NPEPL1,Q8NDH3,2108,0.3046192926722385,1.2350926701949372,13.283618735779626,0.14686480588334583,0.03806559992657077,0.7475906776276515,18,18,36,mixed_effects
sp|P58546|MTPN_HUMAN,MTPN,Myotrophin,P58546,1580,-0.37851076102920544,0.7692312289605205,12.39679909518036,0.18350083639109896,0.03913928221780649,0.7501115799928255,18,18,36,mixed_effects
sp|Q15257|PTPA_HUMAN,PTPA,Serine/threonine-protein phosphatase 2A activator,Q15257,1975,0.45437699389864905,1.3701909808875345,13.133846461357777,0.22054781605292476,0.039377525768156466,0.7501115799928255,18,18,36,mixed_effects
sp|Q9Y5E9|PCDBE_HUMAN,PCDHB14,Protocadherin beta-14,Q9Y5E9,1753,0.12267473536050559,1.088751521808449,17.007268803092984,0.05960758676508891,0.03958639446524633,0.7501115799928255,18,18,36,mixed_effects
sp|P68104|EF1A1_HUMAN / sp|Q5VTE0|EF1A3_HUMAN,EEF1A1 / EEF1A1P5,Elongation factor 1-alpha 1,P68104,2279,0.18907219187756374,1.1400303179231732,18.19797830393898,0.09189028540701474,0.03962986337875775,0.7501115799928255,18,18,36,mixed_effects
sp|Q9Y333|LSM2_HUMAN,LSM2,U6 snRNA-associated Sm-like protein LSm2,Q9Y333,2527,3.1081331753220085,8.62266108231088,9.364126416888892,1.5106714633896365,0.039642821555750066,0.7501115799928255,18,18,36,mixed_effects
sp|P27105|STOM_HUMAN,STOM,Stomatin,P27105,2806,0.48262288394300307,1.397281678966392,16.157201482335896,0.23525126284867126,0.04021624583174366,0.7501115799928255,18,18,36,mixed_effects
sp|Q9UBX8|B4GT6_HUMAN,B4GALT6,"Beta-1,4-galactosyltransferase 6",Q9UBX8,3090,-0.14421088183759456,0.9048741858092598,15.616411907952013,0.07031094542693046,0.040262607906475956,0.7501115799928255,18,18,36,mixed_effects
sp|O94788|AL1A2_HUMAN,ALDH1A2,Retinal dehydrogenase 2,O94788,2944,0.3372921407903473,1.2633830666766033,13.326124867491863,0.1644622312402602,0.04027872905612072,0.7501115799928255,18,18,36,mixed_effects
sp|P13639|EF2_HUMAN,EEF2,Elongation factor 2,P13639,475,-0.22051564215213862,0.8582586263288763,17.4008399919895,0.10757809738550354,0.040382083961382306,0.7501115799928255,18,18,36,mixed_effects
sp|Q16531|DDB1_HUMAN,DDB1,DNA damage-binding protein 1,Q16531,1235,0.1794063018851499,1.1324177766348698,14.676593026853679,0.08757796899605169,0.04050786647764979,0.7501115799928255,18,18,36,mixed_effects
sp|Q9H4G4|GAPR1_HUMAN,GLIPR2,Golgi-associated plant pathogenesis-related protein 1,Q9H4G4,2575,0.26290431085487737,1.199891794917359,13.63228417279405,0.12860190730337434,0.04092128471596001,0.7501115799928255,18,18,36,mixed_effects
sp|P23229|ITA6_HUMAN,ITGA6,Integrin alpha-6,P23229,1812,0.17557548270736972,1.1294148320077924,14.394120097964656,0.08595065760167722,0.04107744954241814,0.7501115799928255,18,18,36,mixed_effects
sp|P31939|PUR9_HUMAN,ATIC,Bifunctional purine biosynthesis protein ATIC,P31939,1229,0.2450946810683705,1.1851705486620907,15.44890226244249,0.11998479678980378,0.04108071116005705,0.7501115799928255,18,18,36,mixed_effects
sp|P49257|LMAN1_HUMAN,LMAN1,Protein ERGIC-53,P49257,3066,-0.14629663385716324,0.9035669244220519,20.63420009631229,0.07190099106845363,0.04188150603470614,0.7549984197760587,18,18,36,mixed_effects
sp|P10721|KIT_HUMAN,KIT,Mast/stem cell growth factor receptor Kit,P10721,2963,0.09988513803299176,1.071688135350633,19.625883434305702,0.04914676297704926,0.04211470744720913,0.7549984197760587,18,18,36,mixed_effects
sp|Q15691|MARE1_HUMAN,MAPRE1,Microtubule-associated protein RP/EB family member 1,Q15691,3267,0.21346147437877466,1.1594667708414736,15.812172130568385,0.1050692865198901,0.04219155171021569,0.7549984197760587,18,18,36,mixed_effects
sp|O15127|SCAM2_HUMAN,SCAMP2,Secretory carrier-associated membrane protein 2,O15127,893,0.4721986068022706,1.3872219261527015,11.490336100016474,0.23259880936999563,0.042346478693630216,0.7549984197760587,18,18,36,mixed_effects
sp|Q9H479|FN3K_HUMAN,FN3K,Fructosamine-3-kinase,Q9H479,732,0.45312493721902874,1.369002363400462,11.964393995882329,0.22351016750698682,0.042630472762383555,0.7549984197760587,18,18,36,mixed_effects
sp|Q9NU53|GINM1_HUMAN,GINM1,Glycoprotein integral membrane protein 1,Q9NU53,1135,0.2729849080587001,1.2083052033197506,14.373475063784497,0.1346918623761815,0.04268937187010871,0.7549984197760587,18,18,36,mixed_effects
sp|Q07699|SCN1B_HUMAN,SCN1B,Sodium channel regulatory subunit beta-1,Q07699,2553,-0.20452911131390367,0.8678218938012398,15.35138638223713,0.10147724462342043,0.04385050699487956,0.7658212600196814,18,18,36,mixed_effects
sp|P41218|MNDA_HUMAN,MNDA,Myeloid cell nuclear differentiation antigen,P41218,2565,0.2270506521315697,1.17043973416917,13.86756653258341,0.11276634731917255,0.04406614483637317,0.7658212600196814,18,18,36,mixed_effects
sp|Q7Z7M0|MEGF8_HUMAN,MEGF8,Multiple epidermal growth factor-like domains protein 8,Q7Z7M0,3120,-0.08698106700048994,0.94149081997861,19.325850119007207,0.04321400169528642,0.04413585807579471,0.7658212600196814,18,18,36,mixed_effects
sp|P14735|IDE_HUMAN,IDE,Insulin-degrading enzyme,P14735,3213,-0.5509106733613031,0.6825891211688239,12.59050119979579,0.27439062816474846,0.04466874483703393,0.7658212600196814,18,18,36,mixed_effects
sp|P08519|APOA_HUMAN,LPA,Apolipoprotein(a),P08519,2688,0.5625924086371783,1.4769207437986522,19.495088875950323,0.2805977029326033,0.04496532761964282,0.7658212600196814,18,18,36,mixed_effects
sp|A0A075B6S2|KVD29_HUMAN / sp|A2NJV5|KV229_HUMAN,IGKV2D-29 / IGKV2-29,Immunoglobulin kappa variable 2D-29,A0A075B6S2,2961,0.38136878618280273,1.3025771158194281,16.946096217641056,0.1904600371477605,0.04524646388456119,0.7658212600196814,18,18,36,mixed_effects
sp|P04114|APOB_HUMAN,APOB,Apolipoprotein B-100,P04114,2124,0.6025579810653519,1.5184064028418176,21.778192090680903,0.3010500408417474,0.04533627218447898,0.7658212600196814,18,18,36,mixed_effects
sp|O00533|NCHL1_HUMAN,CHL1,Neural cell adhesion molecule L1-like protein,O00533,2022,-0.0677247622120481,0.9541415645954486,26.735047419329618,0.03392474930042195,0.045898760343371196,0.7658212600196814,18,18,36,mixed_effects
sp|O60568|PLOD3_HUMAN,PLOD3,Multifunctional procollagen lysine hydroxylase and glycosyltransferase LH3,O60568,2077,0.09033424944362291,1.0646168086265626,20.845950880871616,0.0452967019973617,0.046121602108158764,0.7658212600196814,18,18,36,mixed_effects
sp|Q8N6Q3|CD177_HUMAN,CD177,CD177 antigen,Q8N6Q3,1502,0.4597048356592972,1.3752604216201543,15.784493659663035,0.23075764350280717,0.04635412883306673,0.7658212600196814,18,18,36,mixed_effects
sp|P53384|NUBP1_HUMAN,NUBP1,Cytosolic Fe-S cluster assembly factor NUBP1,P53384,3190,0.7031698252925412,1.6280780063101303,10.41033267419208,0.35306059502258824,0.04641050227545091,0.7658212600196814,18,18,36,mixed_effects
sp|Q9HC35|EMAL4_HUMAN,EML4,Echinoderm microtubule-associated protein-like 4,Q9HC35,521,6.114371069630679,69.28019423074437,8.835199281504106,3.0713380688711336,0.046504625391502415,0.7658212600196814,18,18,36,mixed_effects
